Nom de la série,Pays d'origine,Numéro de saison,Numéro de episode,Date de diffusion,Chaîne de diffusion,URL de la page de l'épisode
Arthdal Chronicles,Corée du Sud,2,08,01/10/2023,tvN,episode08-411009-01102023-saison2-Arthdal-Chronicles.html
Behind Your Touch,Etats-Unis,1,16,01/10/2023,Netflix,episode16-408686-01102023-saison1-Behind-Your-Touch.html
Bob's Burgers,Etats-Unis,14,01,01/10/2023,Fox,episode01-408094-01102023-saison14-Bob-s-Burgers.html
Entre Tierras,Espagne,1,04,01/10/2023,ATRESplayer,episode04-410970-01102023-saison1-Entre-Tierras.html
Family Guy,Etats-Unis,22,01,01/10/2023,Fox,episode01-408096-01102023-saison22-Family-Guy.html
Heartland (CA),Canada,17,01,01/10/2023,CBC,episode01-410271-01102023-saison17-Heartland-(CA).html
Krapopolis,Etats-Unis,1,03,01/10/2023,Fox,episode03-408093-01102023-saison1-Krapopolis.html
Last Week Tonight With John Oliver,Etats-Unis,10,11,01/10/2023,HBO,episode11-410868-01102023-saison10-Last-Week-Tonight-With-John-Oliver.html
Les Mystères de l'amour,France,33,08,01/10/2023,TMC,episode08-410185-01102023-saison33-Les-Mysteres-de-l-amour.html
SkyMed,Canada,2,01,01/10/2023,CBC Gem,episode01-410144-01102023-saison2-SkyMed.html
The Simpsons,Etats-Unis,35,01,01/10/2023,Fox,episode01-408095-01102023-saison35-The-Simpsons.html
The Villains of Valley View,Etats-Unis,2,15,01/10/2023,Disney Channel,episode15-410803-01102023-saison2-The-Villains-of-Valley-View.html
The Walking Dead: Daryl Dixon,Etats-Unis,1,04,01/10/2023,AMC,episode04-409847-01102023-saison1-The-Walking-Dead-Daryl-Dixon.html
5è Rang,Canada,6,04,02/10/2023,Radio Canada,episode04-410913-02102023-saison6-5e-Rang.html
66-5,France,1,05,02/10/2023,Canal+,episode05-410553-02102023-saison1-66-5.html
66-5,France,1,06,02/10/2023,Canal+,episode06-410554-02102023-saison1-66-5.html
Alertes,Canada,3,16,02/10/2023,TVA,episode16-410912-02102023-saison3-Alertes.html
American Dad!,Etats-Unis,19,14,02/10/2023,TBS (US),episode14-410594-02102023-saison19-American-Dad.html
Demain nous appartient,France,7,31,02/10/2023,TF1,episode31-410920-02102023-saison7-Demain-nous-appartient.html
Familie Bundschuh,Allemagne,1,08,02/10/2023,ZDF,episode08-409953-02102023-saison1-Familie-Bundschuh.html
Ici tout commence,France,4,26,02/10/2023,TF1,episode26-410915-02102023-saison4-Ici-tout-commence.html
Infiltré(e),France,1,03,02/10/2023,France 2,episode03-410718-02102023-saison1-Infiltre(e).html
Infiltré(e),France,1,04,02/10/2023,France 2,episode04-410719-02102023-saison1-Infiltre(e).html
Kamikaze (NOR),Suède,1,03,02/10/2023,Discovery +,episode03-410738-02102023-saison1-Kamikaze-(NOR).html
Murdoch Mysteries,Canada,17,01,02/10/2023,Citytv,episode01-410145-02102023-saison17-Murdoch-Mysteries.html
Narvalo,France,3,03,02/10/2023,Canal+,episode03-410627-02102023-saison3-Narvalo.html
Narvalo,France,3,04,02/10/2023,Canal+,episode04-410628-02102023-saison3-Narvalo.html
Pure Boxer,Corée du Sud,1,13,02/10/2023,KBS2,episode13-409147-02102023-saison1-Pure-Boxer.html
SOKO Potsdam,Allemagne,6,02,02/10/2023,ZDF,episode02-410907-02102023-saison6-SOKO-Potsdam.html
The Irrational,Etats-Unis,1,02,02/10/2023,NBC,episode02-409167-02102023-saison1-The-Irrational.html
The Long Shadow,Royaume-Uni,1,02,02/10/2023,ITVX,episode02-410620-02102023-saison1-The-Long-Shadow.html
The Long Shadow,Royaume-Uni,1,03,02/10/2023,ITVX,episode03-410816-02102023-saison1-The-Long-Shadow.html
The Long Shadow,Royaume-Uni,1,04,02/10/2023,ITVX,episode04-410897-02102023-saison1-The-Long-Shadow.html
The Long Shadow,Royaume-Uni,1,05,02/10/2023,ITVX,episode05-410898-02102023-saison1-The-Long-Shadow.html
The Long Shadow,Royaume-Uni,1,06,02/10/2023,ITVX,episode06-410899-02102023-saison1-The-Long-Shadow.html
The Long Shadow,Royaume-Uni,1,07,02/10/2023,ITVX,episode07-410900-02102023-saison1-The-Long-Shadow.html
Un Si Grand Soleil,France,6,23,02/10/2023,France 2,episode23-410925-02102023-saison6-Un-Si-Grand-Soleil.html
Ahsoka,Etats-Unis,1,08,03/10/2023,Disney+,episode08-406770-03102023-saison1-Ahsoka.html
Alexandra Ehle,France,4,01,03/10/2023,France 3,episode01-410257-03102023-saison4-Alexandra-Ehle.html
À coeur battant,Canada,2,04,03/10/2023,Radio Canada,episode04-410929-03102023-saison2-A-coeur-battant.html
